row_id,framework,sector,identifier,component_text,original_code_id,original_code_name,in_dev_set,llm_run_codes,llm_modal_code_id,llm_self_consistent,llm_confidence,llm_verbatim_span,llm_justification,human_llm_agree
1079,STAR FW,IND,6,"What measures do you implement to ensure the accountability of the AI system’s decisions i.e., to attribute these decisions to specific algorithms or components?",10,Explainability,True,"[9, 9, 9]",9,True,high,to attribute these decisions to specific algorithms or components,"The component explicitly asks about attributing decisions to specific algorithms or components, which is the essence of Traceability (code 9) - tracking which model/rules produced a given output - rather than Auditability (code 18) which focuses on enabling independent evaluation.",False
1541,CNIL FW,GOV,57,Has a literature review been carried out?,22,System Design and Development,True,"[22, 22, 22]",22,True,medium,Has a literature review been carried out?,"A literature review is a structured engineering practice conducted during system design and development to inform design decisions, representing a process control that reduces defects before deployment.",True
1768,FMEA,ACA,8,"Describe Potential Consequences: For each failure mode, describe its impact on system performance, user safety, data security, or regulatory compliance.",8,Data Governance,True,"[4, 4, 4]",4,True,high,"For each failure mode, describe its impact on system performance, user safety, data security, or regulatory compliance.","This component requires describing consequences of failure modes across safety-relevant dimensions, which aligns with General Safety's focus on risk identification, threat/hazard assessment, and safety criticality - not System Design (22) which focuses on design controls/artefacts, nor Risk Management (19) which focuses on governance processes.",False
2083,TAII framework,GOV,4,Describe the companies values,20,Organisational context and Strategy,True,"[20, 20, 20]",20,True,low,Describe the companies values,"This relates to Organisational Context and Strategy as it asks about company values which could inform business purpose and alignment, though it's very generic and lacks specific AI governance requirements.",True
1609,CNIL FW,GOV,125,Does it take into account the specific attack patterns of AI algorithms?,19,Risk Management,True,"[3, 3, 3]",3,True,high,specific attack patterns of AI algorithms,"The component asks about consideration of attack patterns specific to AI, which directly maps to sub-principle 3 (Resilience to Attack and Security) that covers adversarial attacks and protective measures against threats to AI systems.",False
1509,CNIL FW,GOV,25,"Sensitive data (health, criminal records, etc.) can only be processed if it meets one of the exceptions set out in Article 9 of the GDPR. If relevant, on which of these exceptions is the processing based?",8,Data Governance,True,"[8, 8, 8]",8,True,high,"Sensitive data (health, criminal records, etc.) can only be processed if it meets one of the exceptions set out in Article 9 of the GDPR.","This component directly addresses GDPR compliance for sensitive data processing, which is a data protection compliance and management practice requirement, fitting Data Governance (code 8) rather than Privacy (code 7) which focuses on impact on privacy rights.",True
23,PPDC,GOV,8,Using any existing risk management framework and applying risk control measures toDecide on the appropriate level of human  involvement in AI-augmented decision-making,19,Risk Management,True,"[2, 2, 2]",2,True,high,Decide on the appropriate level of human involvement in AI-augmented decision-making,"The component's primary requirement is deciding on human involvement levels in AI decision-making, which directly maps to Human Oversight (code 2) covering human-in-the-loop, human-on-the-loop, or human-in-command approaches.",False
799,Checklist for AI Auditing,GOV,69,"Does the project analysis phase of the AI-based component include, as part of the requirement catalogue, a series of specific requirements too guarantee privacy and personal data protection?",8,Data Governance,True,"[8, 8, 8]",8,True,high,specific requirements too guarantee privacy and personal data protection,"The component asks about incorporating privacy and data protection requirements into the requirement catalogue during project analysis, which aligns with Data Governance's focus on privacy-by-design measures and data protection compliance.",True
360,AI RMF,GOV,46,Environmental impact and sustainability of model training and management activities are assessed and documented.,15,Environmental Well-Being,True,"[15, 15, 15]",15,True,high,Environmental impact and sustainability of model training and management activities are assessed and documented.,This directly addresses Environmental Well-being (code 15) as it requires assessment and documentation of environmental impact and sustainability specifically related to AI model training and management activities.,True
2015,Norwegian FW,GOV,8,"Transparency: AI decisions must be explainable, allowing individuals to understand how AI outcomes were reached. Transparency also involves disclosing when AI is involved in decision-making and maintaining traceable processes.",10,Explainability,True,"[10, 10, 10]",10,True,medium,"AI decisions must be explainable, allowing individuals to understand how AI outcomes were reached","While the component mentions traceability and disclosure (Communication), the primary/dominant requirement is explainability - enabling understanding of how AI reaches conclusions - which maps to sub-principle 10.",True
1496,CNIL FW,GOV,12,Does this significant advantage outweigh the potential additional risks associated with the use of an AI system (see fact sheet 6 on the impact on fundamental rights)?,19,Risk Management,True,"[19, 19, 19]",19,True,medium,Does this significant advantage outweigh the potential additional risks associated with the use of an AI system,"This component requires a risk-benefit assessment weighing advantages against potential adverse impacts (risks to fundamental rights), which is a core risk management activity for identifying and minimizing adverse impacts.",True
583,Causal FW for AI audits,IND,16,Risk assessments: Evaluations of the risks associated with the training design and potential impacts on safety and security.,19,Risk Management,True,"[4, 4, 4]",4,True,high,Evaluations of the risks associated with the training design and potential impacts on safety and security.,"This component focuses on risk identification and assessment related to safety, which aligns with General Safety (code 4) covering risk identification, measurement, and mitigation, rather than Resilience to Attack (code 3) which focuses specifically on adversarial attacks and cyber threats.",False
449,Understanding Algorithms,GOV,50,Are access rights updated when a member of staff leaves or moves to a different post?,3,Resilience to Attack and Security,True,"[8, 8, 8]",8,True,medium,Are access rights updated when a member of staff leaves or moves to a different post?,"This question addresses access control management as part of data governance practices, ensuring proper data protection through appropriate access rights management when personnel changes occur.",False
2054,Italian FW,GOV,13,Facilitating AI Adoption: Support AI implementation across small and medium enterprises (SMEs) to increase productivity and competitiveness.,20,Organisational context and Strategy,True,"[0, 0, 0]",0,True,high,Support AI implementation across small and medium enterprises (SMEs) to increase productivity and competitiveness,"This is a general policy objective about facilitating AI adoption for economic benefits, not a prescriptive governance requirement, evidence expectation, or decision criterion that maps to any of the 27 sub-principles in the codebook.",False
476,Criterion audit,IND,14,The risk assessment shall demonstrate appropriate evaluation of relevant risks.,19,Risk Management,True,"[19, 19, 19]",19,True,high,The risk assessment shall demonstrate appropriate evaluation of relevant risks.,"The component explicitly requires a risk assessment with appropriate evaluation of risks, which directly maps to Risk Management (code 19) that covers processes for identifying and documenting adverse impacts.",True
224,VCIO,IND,34,Are there marginalised entities within the target group and does risk arise for them being marginalised?,13,Accesability and Unfair Design,True,"[12, 12, 12]",12,True,high,Are there marginalised entities within the target group and does risk arise for them being marginalised?,"This component directly addresses identifying marginalized groups and assessing discrimination risks against them, which is the core concern of Avoidance of Unfair Bias (detecting bias that discriminates against specific groups).",False
1317,McKinsey Framework,IND,3,Fairness,12,Avoidance of Unfair Bias,True,"[0, 0, 0]",0,True,high,Fairness,"The component is a single word ""Fairness"" with no prescriptive requirement, evidence expectation, or decision criterion - it is purely a label/heading without actionable content to code.",False
243,VCIO,IND,53,Is a failure mitigation strategy for the AIbased system in place?,6,"Reliability, Fall-back and Reproducibillity",True,"[6, 6, 6]",6,True,high,failure mitigation strategy,"The component asks about a failure mitigation strategy, which directly maps to fall-back procedures and fail-safe mechanisms covered under code 6 (Reliability, Fall-back and Reproducibility).",True
778,Checklist for AI Auditing,GOV,48,Has a conservation policy been defined to keep a sample of training data for the purpose of auditing the AI component? Does it consider the minimum or assumable risks for the data subjects?,7,Privacy,True,"[9, 9, 9]",9,True,high,Has a conservation policy been defined to keep a sample of training data for the purpose of auditing the AI component?,"The component primarily asks about retaining training data samples for auditing purposes, which directly relates to Traceability (code 9) - the ability to track which training data produced outputs. The secondary mention of data subject risks is subordinate to the main audit/traceability purpose.",False
1125,RAIIA,IND,2,Will the use of the AI System be citizen-facing?,2,Human Oversight,True,"[26, 26, 26]",26,True,medium,Will the use of the AI System be citizen-facing?,"This question is scoping the deployment context by identifying whether the system interfaces with the public/citizens, which is a key operational context consideration about who interacts with the system and in what environment.",False
